variant,scheme,seed,draws_to_first_success,reached_within_budget,viable_draws_pct,best_similarity_reached_pct,budget_per_repeat,target_similarity_pct
sodium +6.1 mV (R859C),uniform,20260826,,no,5.6928,2.1786,1000000,92.6035
sodium +6.1 mV (R859C),uniform,20260827,,no,5.7135,2.1786,1000000,92.6035
sodium +6.1 mV (R859C),uniform,20260828,,no,5.6937,2.1786,1000000,92.6035
sodium +6.1 mV (R859C),uniform,20260829,,no,5.6907,2.1786,1000000,92.6035
sodium +6.1 mV (R859C),uniform,20260830,,no,5.6878,2.1786,1000000,92.6035
sodium +6.1 mV (R859C),uniform,20260831,,no,5.6819,2.1786,1000000,92.6035
sodium +6.1 mV (R859C),uniform,20260832,,no,5.6968,2.1786,1000000,92.6035
sodium +6.1 mV (R859C),uniform,20260833,,no,5.7433,59.2593,1000000,92.6035
sodium +6.1 mV (R859C),loguniform,20260826,1303,yes,38.1377,97.6035,1000000,92.6035
sodium +6.1 mV (R859C),loguniform,20260827,379,yes,38.2622,97.6035,1000000,92.6035
sodium +6.1 mV (R859C),loguniform,20260828,2654,yes,38.3069,97.6035,1000000,92.6035
sodium +6.1 mV (R859C),loguniform,20260829,6032,yes,38.1835,97.6035,1000000,92.6035
sodium +6.1 mV (R859C),loguniform,20260830,12668,yes,38.1348,97.6035,1000000,92.6035
sodium +6.1 mV (R859C),loguniform,20260831,5881,yes,38.0589,97.6035,1000000,92.6035
sodium +6.1 mV (R859C),loguniform,20260832,2443,yes,38.1752,97.6035,1000000,92.6035
sodium +6.1 mV (R859C),loguniform,20260833,9025,yes,38.1515,97.6035,1000000,92.6035
potassium +4.7 mV (Kv7.2 D212G),uniform,20260826,,no,17.0505,42.8571,1000000,94.3506
potassium +4.7 mV (Kv7.2 D212G),uniform,20260827,,no,16.9891,-4.8701,1000000,94.3506
potassium +4.7 mV (Kv7.2 D212G),uniform,20260828,,no,16.9795,-23.7013,1000000,94.3506
potassium +4.7 mV (Kv7.2 D212G),uniform,20260829,,no,17.0158,56.4935,1000000,94.3506
potassium +4.7 mV (Kv7.2 D212G),uniform,20260830,,no,17.0412,-4.2208,1000000,94.3506
potassium +4.7 mV (Kv7.2 D212G),uniform,20260831,,no,16.9685,46.7532,1000000,94.3506
potassium +4.7 mV (Kv7.2 D212G),uniform,20260832,,no,16.9223,-26.9481,1000000,94.3506
potassium +4.7 mV (Kv7.2 D212G),uniform,20260833,,no,17.031,-41.5584,1000000,94.3506
potassium +4.7 mV (Kv7.2 D212G),loguniform,20260826,9212,yes,42.4129,99.3506,1000000,94.3506
potassium +4.7 mV (Kv7.2 D212G),loguniform,20260827,16360,yes,42.5165,99.3506,1000000,94.3506
potassium +4.7 mV (Kv7.2 D212G),loguniform,20260828,559,yes,42.5286,99.3506,1000000,94.3506
potassium +4.7 mV (Kv7.2 D212G),loguniform,20260829,8627,yes,42.4491,99.3506,1000000,94.3506
potassium +4.7 mV (Kv7.2 D212G),loguniform,20260830,3018,yes,42.398,99.3506,1000000,94.3506
potassium +4.7 mV (Kv7.2 D212G),loguniform,20260831,25557,yes,42.3043,99.3506,1000000,94.3506
potassium +4.7 mV (Kv7.2 D212G),loguniform,20260832,8686,yes,42.5179,99.3506,1000000,94.3506
potassium +4.7 mV (Kv7.2 D212G),loguniform,20260833,7318,yes,42.4465,99.3506,1000000,94.3506
potassium +9.4 mV,uniform,20260826,,no,45.3875,15.9524,1000000,94.0476
potassium +9.4 mV,uniform,20260827,,no,45.2975,24.7619,1000000,94.0476
potassium +9.4 mV,uniform,20260828,,no,45.2257,43.3333,1000000,94.0476
potassium +9.4 mV,uniform,20260829,,no,45.3009,30.0,1000000,94.0476
potassium +9.4 mV,uniform,20260830,,no,45.3423,82.8571,1000000,94.0476
potassium +9.4 mV,uniform,20260831,,no,45.4505,72.381,1000000,94.0476
potassium +9.4 mV,uniform,20260832,,no,45.3525,75.9524,1000000,94.0476
potassium +9.4 mV,uniform,20260833,,no,45.3435,85.0,1000000,94.0476
potassium +9.4 mV,loguniform,20260826,2650,yes,46.7232,98.5714,1000000,94.0476
potassium +9.4 mV,loguniform,20260827,12932,yes,46.893,98.8095,1000000,94.0476
potassium +9.4 mV,loguniform,20260828,203,yes,46.8671,98.5714,1000000,94.0476
potassium +9.4 mV,loguniform,20260829,5741,yes,46.7874,98.8095,1000000,94.0476
potassium +9.4 mV,loguniform,20260830,278,yes,46.7668,98.5714,1000000,94.0476
potassium +9.4 mV,loguniform,20260831,16243,yes,46.6194,98.8095,1000000,94.0476
potassium +9.4 mV,loguniform,20260832,3160,yes,46.8689,98.5714,1000000,94.0476
potassium +9.4 mV,loguniform,20260833,2103,yes,46.7369,98.5714,1000000,94.0476
both shifts together,uniform,20260826,,no,19.4407,-204.7244,1000000,90.2756
both shifts together,uniform,20260827,,no,19.4137,-253.5433,1000000,90.2756
both shifts together,uniform,20260828,,no,19.4042,3.1496,1000000,90.2756
both shifts together,uniform,20260829,,no,19.4218,-251.9685,1000000,90.2756
both shifts together,uniform,20260830,,no,19.4324,-31.4961,1000000,90.2756
both shifts together,uniform,20260831,,no,19.3908,-253.5433,1000000,90.2756
both shifts together,uniform,20260832,,no,19.4207,-253.5433,1000000,90.2756
both shifts together,uniform,20260833,,no,19.4196,-158.2677,1000000,90.2756
both shifts together,loguniform,20260826,109582,yes,42.7969,95.2756,1000000,90.2756
both shifts together,loguniform,20260827,38610,yes,42.8915,92.9134,1000000,90.2756
both shifts together,loguniform,20260828,77880,yes,42.9457,95.2756,1000000,90.2756
both shifts together,loguniform,20260829,231941,yes,42.827,94.4882,1000000,90.2756
both shifts together,loguniform,20260830,10963,yes,42.7579,95.2756,1000000,90.2756
both shifts together,loguniform,20260831,2433,yes,42.6667,95.2756,1000000,90.2756
both shifts together,loguniform,20260832,161255,yes,42.8282,94.4882,1000000,90.2756
both shifts together,loguniform,20260833,14397,yes,42.8005,93.7008,1000000,90.2756
