variant,candidates_kept,share_of_spiking_pct,spike_count_distance_cut,similarity_cut_pct,linear_pc1_pct,linear_pc2_pct,linear_pc3_pct,linear_plane_residual_pct,linear_pc1_axis,linear_pc1_loading_sodium,linear_pc1_loading_potassium,linear_pc1_loading_leak,log_pc1_pct,log_pc2_pct,log_pc3_pct,log_plane_residual_pct,log_pc1_axis,log_pc1_loading_sodium,log_pc1_loading_potassium,log_pc1_loading_leak
"sodium activation +6.1 mV (R859C, ModelDB 87585)",31,0.001042,11,97.6035,98.6872,1.3128,0.0,0.0,sodium,0.5851,0.5851,0.5616,87.584,12.416,0.0,0.0,sodium,0.5844,0.5844,0.5631
"sodium activation +6.1 mV (R859C, ModelDB 87585)",44,0.001479,12,97.3856,73.9661,25.9834,0.0505,0.5985,sodium,0.7521,0.5811,0.3108,67.0447,31.7357,1.2196,3.7647,sodium,0.6887,0.4876,0.5367
"sodium activation +6.1 mV (R859C, ModelDB 87585)",86,0.002891,13,97.1678,76.7376,23.1845,0.0779,0.665,sodium,0.6434,0.6342,0.4288,69.8527,28.415,1.7323,4.2007,leak,0.589,0.4829,0.648
"sodium activation +6.1 mV (R859C, ModelDB 87585)",175,0.005883,14,96.9499,69.0321,30.8987,0.0692,0.7154,potassium,0.4821,0.876,0.0107,54.8865,43.4897,1.6238,5.317,potassium,0.4203,0.8319,0.3623
"sodium activation +6.1 mV (R859C, ModelDB 87585)",231,0.007766,15,96.732,74.8228,25.0928,0.0844,0.731,potassium,0.4849,0.871,0.0791,57.6761,40.8406,1.4833,4.9939,potassium,0.5679,0.8073,0.1601
"sodium activation +6.1 mV (R859C, ModelDB 87585)",274,0.009212,16,96.5142,72.1487,27.7407,0.1105,0.9703,potassium,0.4859,0.8698,0.0854,62.1084,36.1357,1.7559,6.2285,potassium,0.5757,0.7508,0.3238
"sodium activation +6.1 mV (R859C, ModelDB 87585)",297,0.009985,17,96.2963,69.4253,30.4557,0.119,1.056,potassium,0.4876,0.869,0.0849,60.4526,37.6934,1.854,6.6101,potassium,0.5803,0.7475,0.3234
"sodium activation +6.1 mV (R859C, ModelDB 87585)",319,0.010725,18,96.0784,69.0001,30.8527,0.1472,1.1228,potassium,0.4912,0.8682,0.0704,59.498,38.328,2.174,7.2248,potassium,0.5896,0.7437,0.3149
"sodium activation +6.1 mV (R859C, ModelDB 87585)",360,0.012103,19,95.8606,60.8595,38.8998,0.2408,1.3319,potassium,0.5802,0.8074,0.107,56.6748,40.7903,2.5349,7.217,leak,0.6198,0.4089,0.6698
"sodium activation +6.1 mV (R859C, ModelDB 87585)",392,0.013179,20,95.6427,58.5212,41.183,0.2958,1.5642,sodium,0.6888,0.673,0.2694,59.245,38.0731,2.6819,7.4546,leak,0.6337,0.3111,0.7083
"sodium activation +6.1 mV (R859C, ModelDB 87585)",465,0.015633,22,95.207,57.4218,42.1787,0.3995,1.7161,sodium,0.7009,0.6819,0.2093,58.1696,39.0063,2.8241,7.4531,leak,0.6109,0.2079,0.7639
"sodium activation +6.1 mV (R859C, ModelDB 87585)",580,0.019499,24,94.7712,58.7148,40.8329,0.4522,1.924,potassium,0.6743,0.7343,0.0786,56.992,40.4537,2.5542,6.692,leak,0.61,0.1773,0.7723
"sodium activation +6.1 mV (R859C, ModelDB 87585)",885,0.029754,27,94.1176,56.3102,43.0783,0.6115,1.9978,sodium,0.747,0.653,0.1251,59.7724,37.4479,2.7797,6.1159,leak,0.5292,0.0236,0.8482
"sodium activation +6.1 mV (R859C, ModelDB 87585)",1134,0.038125,29,93.6819,56.7429,42.5869,0.6701,2.1562,sodium,0.812,0.5184,0.2682,64.3224,32.9901,2.6875,5.8331,leak,0.5471,0.0273,0.8366
"sodium activation +6.1 mV (R859C, ModelDB 87585)",1604,0.053926,33,92.8105,58.3418,40.8931,0.7651,2.5277,potassium,0.5238,0.761,0.3827,57.1088,40.2499,2.6413,5.4994,leak,0.381,0.1495,0.9124
"sodium activation +6.1 mV (R859C, ModelDB 87585)",2378,0.079948,37,91.939,72.059,27.2732,0.6678,2.5328,potassium,0.6775,0.6884,0.2591,59.1617,38.648,2.1903,5.332,leak,0.4113,0.4567,0.7889
"sodium activation +6.1 mV (R859C, ModelDB 87585)",3349,0.112593,41,91.0675,77.208,22.0731,0.7188,2.7015,potassium,0.6595,0.7078,0.2531,63.694,34.0866,2.2194,5.3855,leak,0.5403,0.5047,0.6733
"sodium activation +6.1 mV (R859C, ModelDB 87585)",5014,0.16857,46,89.9782,77.5239,21.6785,0.7976,2.777,potassium,0.6327,0.7164,0.2939,65.709,31.9735,2.3175,5.6736,leak,0.5316,0.5209,0.6679
"sodium activation +6.1 mV (R859C, ModelDB 87585)",6971,0.234364,52,88.671,75.5449,23.6291,0.826,2.5601,potassium,0.583,0.7286,0.3595,66.7238,30.9983,2.2779,5.5483,leak,0.5183,0.5063,0.6892
"sodium activation +6.1 mV (R859C, ModelDB 87585)",9989,0.335828,60,86.9281,74.4926,24.6671,0.8403,2.7219,potassium,0.5823,0.7164,0.3843,66.8295,30.7554,2.4151,5.5316,leak,0.5002,0.5052,0.7033
"sodium activation +6.1 mV (R859C, ModelDB 87585)",13274,0.446269,68,85.1852,72.634,26.459,0.907,2.7107,potassium,0.5775,0.6978,0.4238,65.9381,31.6837,2.3782,5.477,leak,0.5097,0.4983,0.7013
"sodium activation +6.1 mV (R859C, ModelDB 87585)",17299,0.581589,78,83.0065,72.1578,26.7847,1.0575,2.4839,potassium,0.623,0.6908,0.3671,64.3759,33.2144,2.4097,5.4614,leak,0.5244,0.497,0.6914
"sodium activation +6.1 mV (R859C, ModelDB 87585)",21504,0.72296,89,80.61,72.048,26.5722,1.3798,2.9548,potassium,0.6431,0.6833,0.3457,64.194,33.3459,2.4601,5.5139,leak,0.5512,0.502,0.6664
"sodium activation +6.1 mV (R859C, ModelDB 87585)",26625,0.895127,103,77.5599,69.9763,28.313,1.7108,3.2174,sodium,0.6939,0.64,0.3302,62.6764,34.8759,2.4477,5.5388,leak,0.5731,0.485,0.6606
"sodium activation +6.1 mV (R859C, ModelDB 87585)",32490,1.092308,118,74.2919,68.9209,28.6467,2.4324,3.7047,sodium,0.7111,0.6293,0.3136,61.5786,35.8247,2.5967,5.685,leak,0.5877,0.4839,0.6484
"sodium activation +6.1 mV (R859C, ModelDB 87585)",39777,1.337295,137,70.1525,66.9929,29.8033,3.2039,4.1287,sodium,0.7572,0.5829,0.2947,59.9933,37.3611,2.6456,5.735,leak,0.6117,0.465,0.64
"sodium activation +6.1 mV (R859C, ModelDB 87585)",48771,1.639672,158,65.5773,66.7679,28.8914,4.3407,4.8693,sodium,0.778,0.5708,0.2625,59.2659,37.8756,2.8585,5.9299,sodium,0.6407,0.4552,0.6183
"sodium activation +6.1 mV (R859C, ModelDB 87585)",60083,2.019979,183,60.1307,66.1792,28.2958,5.525,5.5053,sodium,0.7988,0.5554,0.231,58.1451,38.7507,3.1042,6.2492,sodium,0.6434,0.4454,0.6226
"sodium activation +6.1 mV (R859C, ModelDB 87585)",76191,2.561527,212,53.8126,65.0773,28.1722,6.7505,6.1204,sodium,0.8522,0.4855,0.195,56.6577,39.905,3.4373,6.7108,sodium,0.6974,0.4131,0.5857
"sodium activation +6.1 mV (R859C, ModelDB 87585)",99334,3.33959,247,46.1874,61.4842,29.4037,9.1121,6.7615,sodium,0.8318,0.5209,0.1918,54.333,41.2499,4.4171,7.6774,sodium,0.6709,0.3967,0.6265
"sodium activation +6.1 mV (R859C, ModelDB 87585)",129612,4.357531,287,37.4728,59.932,31.4062,8.6618,6.4812,sodium,0.8667,0.4914,0.0851,50.0946,45.2811,4.6244,8.2374,sodium,0.7526,0.4017,0.5218
"sodium activation +6.1 mV (R859C, ModelDB 87585)",159088,5.348508,333,27.451,57.5705,33.8758,8.5537,6.1758,sodium,0.8315,0.5551,0.0194,48.5098,47.0405,4.4497,8.3739,sodium,0.7088,0.3034,0.6369
"sodium activation +6.1 mV (R859C, ModelDB 87585)",167608,5.634949,388,15.4684,57.1942,34.7402,8.0656,5.5323,sodium,0.8547,0.519,0.0107,51.0054,46.007,2.9875,6.1871,leak,0.2857,0.042,0.9574
"sodium activation +6.1 mV (R859C, ModelDB 87585)",280905,9.443972,452,1.5251,93.2396,4.0752,2.6851,0.3138,leak,0.0033,0.0034,1.0,76.083,20.8116,3.1054,4.4928,leak,0.0064,0.0816,0.9966
"potassium activation +4.7 mV (Kv7.2 D212G, ModelDB 118986)",45,0.001342,2,99.3506,96.0878,3.9122,0.0,0.0,sodium,0.672,0.672,0.3111,93.1315,6.8685,0.0,0.0,sodium,0.6629,0.6629,0.348
"potassium activation +4.7 mV (Kv7.2 D212G, ModelDB 118986)",74,0.002207,3,99.026,87.8783,11.9571,0.1646,1.0559,sodium,0.7234,0.5778,0.378,90.9029,8.7134,0.3837,1.8112,sodium,0.6269,0.4725,0.6195
"potassium activation +4.7 mV (Kv7.2 D212G, ModelDB 118986)",189,0.005636,4,98.7013,86.3117,13.5324,0.156,0.8998,leak,0.5918,0.5187,0.617,82.2369,17.5558,0.2073,1.4547,leak,0.4825,0.4031,0.7776
"potassium activation +4.7 mV (Kv7.2 D212G, ModelDB 118986)",253,0.007545,5,98.3766,84.646,15.0189,0.3351,1.0449,sodium,0.6937,0.6202,0.3662,79.6944,20.0013,0.3044,1.7718,leak,0.5272,0.4283,0.7339
"potassium activation +4.7 mV (Kv7.2 D212G, ModelDB 118986)",474,0.014135,6,98.0519,86.678,13.0337,0.2884,1.5092,sodium,0.7398,0.667,0.0887,67.8864,31.9228,0.1908,1.2194,sodium,0.7191,0.6175,0.3187
"potassium activation +4.7 mV (Kv7.2 D212G, ModelDB 118986)",612,0.01825,7,97.7273,88.3819,11.2757,0.3424,1.5659,sodium,0.7375,0.6726,0.0608,65.8715,33.8524,0.2761,1.5058,sodium,0.738,0.6421,0.2075
"potassium activation +4.7 mV (Kv7.2 D212G, ModelDB 118986)",799,0.023827,8,97.4026,88.5677,11.1256,0.3067,1.2967,sodium,0.7532,0.6556,0.0535,63.7874,35.8612,0.3514,1.6421,sodium,0.7229,0.6072,0.3298
"potassium activation +4.7 mV (Kv7.2 D212G, ModelDB 118986)",826,0.024632,9,97.0779,89.9842,9.6913,0.3245,1.3145,sodium,0.7621,0.6457,0.0467,62.4838,37.0925,0.4237,1.6882,sodium,0.7208,0.5867,0.369
"potassium activation +4.7 mV (Kv7.2 D212G, ModelDB 118986)",866,0.025825,10,96.7532,89.0312,10.6667,0.3021,1.3513,sodium,0.761,0.6473,0.0433,63.9839,35.52,0.4961,1.9191,sodium,0.7179,0.5906,0.3686
"potassium activation +4.7 mV (Kv7.2 D212G, ModelDB 118986)",896,0.026719,11,96.4286,85.932,13.771,0.297,1.2078,sodium,0.7335,0.6777,0.0514,61.9482,37.4362,0.6156,2.3033,sodium,0.6779,0.5682,0.4664
"potassium activation +4.7 mV (Kv7.2 D212G, ModelDB 118986)",936,0.027912,13,95.7792,83.8021,15.888,0.3099,1.2622,sodium,0.7401,0.6692,0.0661,60.8247,38.5186,0.6567,2.327,sodium,0.6569,0.5353,0.531
"potassium activation +4.7 mV (Kv7.2 D212G, ModelDB 118986)",980,0.029224,15,95.1299,87.9511,11.7087,0.3402,1.3025,sodium,0.7377,0.674,0.0399,61.6386,37.4219,0.9394,2.7988,sodium,0.6892,0.5749,0.4409
"potassium activation +4.7 mV (Kv7.2 D212G, ModelDB 118986)",1060,0.03161,18,94.1558,82.5638,17.083,0.3533,1.122,sodium,0.7181,0.6958,0.0105,56.6274,41.9579,1.4147,3.4052,sodium,0.6439,0.4824,0.5939
"potassium activation +4.7 mV (Kv7.2 D212G, ModelDB 118986)",1560,0.04652,21,93.1818,81.079,18.4474,0.4736,1.3524,sodium,0.7404,0.6721,0.0024,54.6015,43.8388,1.5597,3.1097,leak,0.6159,0.3485,0.7066
"potassium activation +4.7 mV (Kv7.2 D212G, ModelDB 118986)",2086,0.062206,24,92.2078,78.9072,20.5711,0.5217,1.3888,sodium,0.7527,0.6571,0.0401,51.9203,46.4116,1.668,2.903,leak,0.1791,0.0313,0.9833
"potassium activation +4.7 mV (Kv7.2 D212G, ModelDB 118986)",2515,0.074999,28,90.9091,70.1021,29.4032,0.4948,1.2646,sodium,0.7195,0.6939,0.0283,58.2381,40.1663,1.5956,3.1082,leak,0.2047,0.0023,0.9788
"potassium activation +4.7 mV (Kv7.2 D212G, ModelDB 118986)",3028,0.090297,32,89.6104,66.0919,33.4297,0.4783,1.3103,sodium,0.7371,0.6756,0.017,61.5074,36.9182,1.5744,2.8965,leak,0.2413,0.0076,0.9704
"potassium activation +4.7 mV (Kv7.2 D212G, ModelDB 118986)",3664,0.109262,38,87.6623,54.7037,44.9436,0.3527,0.9835,leak,0.2266,0.4687,0.8538,68.6493,29.8058,1.5449,2.6971,leak,0.1287,0.0593,0.9899
"potassium activation +4.7 mV (Kv7.2 D212G, ModelDB 118986)",4544,0.135504,44,85.7143,58.6266,41.0175,0.3559,1.0065,leak,0.0607,0.3111,0.9484,68.4895,29.8813,1.6292,3.0386,leak,0.0681,0.1032,0.9923
"potassium activation +4.7 mV (Kv7.2 D212G, ModelDB 118986)",5557,0.165713,51,83.4416,61.5639,38.1131,0.323,0.9473,leak,0.0024,0.2328,0.9725,67.2211,31.044,1.7349,3.3725,leak,0.0737,0.1149,0.9906
"potassium activation +4.7 mV (Kv7.2 D212G, ModelDB 118986)",7258,0.216437,60,80.5195,65.0057,34.7321,0.2622,0.8768,leak,0.1143,0.0844,0.9899,65.7749,32.6773,1.5478,3.5026,leak,0.0876,0.1035,0.9908
"potassium activation +4.7 mV (Kv7.2 D212G, ModelDB 118986)",8985,0.267937,70,77.2727,62.0384,37.6462,0.3155,0.9896,leak,0.1379,0.0668,0.9882,64.47,34.0741,1.4559,3.4907,leak,0.0771,0.1107,0.9909
"potassium activation +4.7 mV (Kv7.2 D212G, ModelDB 118986)",10755,0.32072,81,73.7013,53.249,46.2432,0.5078,1.2225,leak,0.0082,0.188,0.9821,60.2379,38.3511,1.411,3.5987,leak,0.0006,0.1619,0.9868
"potassium activation +4.7 mV (Kv7.2 D212G, ModelDB 118986)",13697,0.408452,95,69.1558,53.0013,45.6632,1.3355,1.5513,sodium,0.7062,0.6311,0.3209,59.0451,39.5212,1.4337,3.5111,leak,0.0824,0.1986,0.9766
"potassium activation +4.7 mV (Kv7.2 D212G, ModelDB 118986)",16854,0.502595,111,63.961,53.9051,42.4067,3.6882,2.3025,sodium,0.7212,0.623,0.3031,57.4416,40.6415,1.9169,3.8397,leak,0.1747,0.2324,0.9568
"potassium activation +4.7 mV (Kv7.2 D212G, ModelDB 118986)",21354,0.636787,130,57.7922,55.6276,36.7245,7.6479,4.0833,sodium,0.8147,0.5427,0.2044,54.7844,42.2396,2.976,4.6537,leak,0.2965,0.2603,0.9189
"potassium activation +4.7 mV (Kv7.2 D212G, ModelDB 118986)",27247,0.81252,151,50.974,55.9358,34.4268,9.6374,5.1702,sodium,0.7984,0.5537,0.2366,54.0857,42.5124,3.402,5.0424,leak,0.4132,0.2914,0.8628
"potassium activation +4.7 mV (Kv7.2 D212G, ModelDB 118986)",35602,1.06167,177,42.5325,58.3873,30.7999,10.8127,6.1017,sodium,0.8247,0.5245,0.2117,54.1813,42.1583,3.6604,5.282,leak,0.5819,0.3285,0.744
"potassium activation +4.7 mV (Kv7.2 D212G, ModelDB 118986)",49263,1.469048,207,32.7922,62.2124,26.7134,11.0742,6.6973,sodium,0.8489,0.4905,0.1968,56.4942,39.6012,3.9046,5.4518,leak,0.6622,0.3361,0.6697
"potassium activation +4.7 mV (Kv7.2 D212G, ModelDB 118986)",65028,1.939169,241,21.7532,62.5341,24.8558,12.6101,7.4332,sodium,0.8859,0.4298,0.1746,55.2351,39.9134,4.8516,6.2273,sodium,0.7005,0.3227,0.6366
"potassium activation +4.7 mV (Kv7.2 D212G, ModelDB 118986)",88324,2.633867,282,8.4416,59.553,25.7532,14.6938,7.9902,sodium,0.8917,0.4181,0.1732,53.6383,40.6992,5.6624,7.1055,sodium,0.7394,0.3093,0.598
"potassium activation +4.7 mV (Kv7.2 D212G, ModelDB 118986)",126938,3.785357,330,-7.1429,58.8574,26.6922,14.4504,8.0004,sodium,0.9387,0.3201,0.1281,50.4693,42.4958,7.0349,8.5157,leak,0.6792,0.2327,0.6961
"potassium activation +4.7 mV (Kv7.2 D212G, ModelDB 118986)",188558,5.622897,386,-25.3247,54.3069,30.3714,15.3216,7.5029,sodium,0.9279,0.3708,0.0385,46.2922,44.6077,9.1001,10.6172,leak,0.2242,0.1389,0.9646
"potassium activation +4.7 mV (Kv7.2 D212G, ModelDB 118986)",332529,9.916186,451,-46.4286,97.5097,2.0811,0.4092,0.0874,leak,0.0025,0.0011,1.0,75.3528,22.0754,2.5719,4.6871,leak,0.0268,0.0026,0.9996
potassium activation +9.4 mV (twice the measured shift),10,0.000271,5,98.8095,67.0123,32.9071,0.0806,1.5367,sodium,0.7785,0.6198,0.0986,68.2745,31.6538,0.0717,1.5088,sodium,0.7767,0.5843,0.2353
potassium activation +9.4 mV (twice the measured shift),30,0.000812,6,98.5714,75.597,24.2064,0.1966,1.3825,sodium,0.6439,0.6258,0.4403,76.9938,22.6075,0.3987,2.197,sodium,0.6325,0.5925,0.4989
potassium activation +9.4 mV (twice the measured shift),65,0.001759,7,98.3333,72.6153,27.104,0.2807,1.7405,potassium,0.6678,0.7226,0.1784,72.6285,26.7934,0.5781,2.8951,potassium,0.6645,0.6677,0.3357
potassium activation +9.4 mV (twice the measured shift),99,0.00268,8,98.0952,82.9631,16.74,0.2969,2.5166,potassium,0.6616,0.705,0.2553,86.919,12.1892,0.8918,3.5157,potassium,0.6426,0.7022,0.3065
potassium activation +9.4 mV (twice the measured shift),153,0.004141,9,97.8571,82.5517,17.023,0.4253,2.2376,sodium,0.7053,0.6626,0.252,80.8093,18.6434,0.5473,2.8174,sodium,0.6773,0.585,0.446
potassium activation +9.4 mV (twice the measured shift),228,0.006171,10,97.619,84.6636,14.9997,0.3367,2.3747,sodium,0.7183,0.6736,0.1741,82.6811,16.861,0.4579,2.6635,sodium,0.7065,0.6173,0.3461
potassium activation +9.4 mV (twice the measured shift),308,0.008336,11,97.381,85.4237,14.2859,0.2904,2.0151,sodium,0.7143,0.6607,0.231,86.0226,13.5363,0.4411,2.3903,sodium,0.7001,0.6023,0.3835
potassium activation +9.4 mV (twice the measured shift),379,0.010258,12,97.1429,83.5609,16.1855,0.2535,1.3096,sodium,0.6866,0.6637,0.2967,85.1079,14.4753,0.4168,1.962,sodium,0.6694,0.5697,0.4767
potassium activation +9.4 mV (twice the measured shift),428,0.011584,13,96.9048,86.5731,13.1767,0.2502,1.3547,sodium,0.6981,0.6698,0.2532,85.3461,14.1691,0.4847,2.224,sodium,0.6822,0.5861,0.4372
potassium activation +9.4 mV (twice the measured shift),555,0.015022,15,96.4286,82.3515,17.3696,0.2789,1.425,sodium,0.7116,0.6656,0.2249,71.8508,27.3593,0.7899,2.8391,sodium,0.6749,0.5626,0.4775
potassium activation +9.4 mV (twice the measured shift),672,0.018188,17,95.9524,81.4006,18.3345,0.2649,0.8986,sodium,0.7303,0.6597,0.1772,71.385,27.4463,1.1688,2.7007,leak,0.64,0.4005,0.6557
potassium activation +9.4 mV (twice the measured shift),749,0.020273,20,95.2381,70.9838,28.8228,0.1934,0.5692,sodium,0.6863,0.63,0.3635,72.0571,26.7029,1.24,2.4704,leak,0.5543,0.3414,0.7591
potassium activation +9.4 mV (twice the measured shift),1009,0.02731,23,94.5238,67.0217,32.8067,0.1716,0.5729,sodium,0.661,0.5444,0.5165,72.3029,26.1559,1.5412,2.9112,leak,0.5038,0.2649,0.8222
potassium activation +9.4 mV (twice the measured shift),1502,0.040653,26,93.8095,67.0962,32.6572,0.2466,0.705,sodium,0.666,0.5555,0.4978,70.7837,27.7665,1.4498,2.8136,leak,0.4395,0.221,0.8706
potassium activation +9.4 mV (twice the measured shift),2086,0.05646,30,92.8571,63.8485,35.8656,0.2858,0.7517,sodium,0.6637,0.519,0.5387,72.167,26.4628,1.3701,2.7737,leak,0.401,0.1543,0.903
potassium activation +9.4 mV (twice the measured shift),2559,0.069262,34,91.9048,64.0584,35.6663,0.2753,0.7659,sodium,0.6377,0.4662,0.6131,73.9792,24.7784,1.2424,2.7702,leak,0.4011,0.1377,0.9056
potassium activation +9.4 mV (twice the measured shift),2976,0.080549,40,90.4762,63.8307,35.9568,0.2124,0.7682,leak,0.4869,0.1877,0.853,75.6244,23.3683,1.0073,2.1749,leak,0.3184,0.0426,0.947
potassium activation +9.4 mV (twice the measured shift),4062,0.109943,46,89.0476,64.0114,35.7405,0.2481,0.8127,leak,0.4519,0.1571,0.8781,74.429,24.3752,1.1958,2.3975,leak,0.2918,0.023,0.9562
potassium activation +9.4 mV (twice the measured shift),4926,0.133328,53,87.381,62.6253,37.1005,0.2742,0.9144,leak,0.3419,0.0659,0.9374,72.1241,26.3971,1.4788,2.9481,leak,0.2367,0.0107,0.9715
potassium activation +9.4 mV (twice the measured shift),5790,0.156713,62,85.2381,60.5937,39.1274,0.2789,1.0159,leak,0.2944,0.027,0.9553,68.5052,29.9356,1.5592,3.3073,leak,0.2128,0.0388,0.9763
potassium activation +9.4 mV (twice the measured shift),7135,0.193117,71,83.0952,57.7651,41.9167,0.3182,1.1077,leak,0.2986,0.0345,0.9537,66.7944,31.6594,1.5463,3.4208,leak,0.1881,0.0548,0.9806
potassium activation +9.4 mV (twice the measured shift),8661,0.23442,83,80.2381,55.7692,43.883,0.3478,1.1981,leak,0.2515,0.005,0.9679,64.3464,34.1539,1.4997,3.4834,leak,0.1434,0.0844,0.9861
potassium activation +9.4 mV (twice the measured shift),10540,0.285278,97,76.9048,51.5911,48.0025,0.4064,1.318,leak,0.3364,0.0693,0.9392,61.7169,36.8103,1.4728,3.5455,leak,0.1273,0.0944,0.9874
potassium activation +9.4 mV (twice the measured shift),12805,0.346583,113,73.0952,51.1581,48.3364,0.5055,1.5028,sodium,0.7879,0.6156,0.0146,59.7211,38.842,1.4369,3.4817,leak,0.0961,0.1123,0.989
potassium activation +9.4 mV (twice the measured shift),15850,0.428999,131,68.8095,51.5279,47.7305,0.7416,1.713,leak,0.2615,0.4285,0.8649,60.2438,38.3516,1.4046,3.391,leak,0.0941,0.1056,0.9899
potassium activation +9.4 mV (twice the measured shift),19656,0.532013,153,63.5714,51.1892,42.0026,6.8083,3.2731,sodium,0.6891,0.6278,0.3619,56.3791,40.1653,3.4556,4.1757,leak,0.0352,0.1511,0.9879
potassium activation +9.4 mV (twice the measured shift),26231,0.709973,178,57.619,51.6056,35.8547,12.5397,5.7472,sodium,0.7103,0.6,0.3681,55.3448,39.3711,5.284,5.4018,leak,0.2273,0.2075,0.9515
potassium activation +9.4 mV (twice the measured shift),37257,1.008405,208,50.4762,56.3755,29.1029,14.5216,7.3636,sodium,0.7676,0.5741,0.2849,55.7493,38.8481,5.4027,5.6845,leak,0.5066,0.2738,0.8175
potassium activation +9.4 mV (twice the measured shift),51128,1.383841,243,42.1429,56.8989,26.7262,16.3749,8.6567,sodium,0.8379,0.4857,0.2492,55.2982,38.48,6.2219,6.3805,leak,0.5772,0.2653,0.7723
potassium activation +9.4 mV (twice the measured shift),72718,1.9682,283,32.619,54.5275,26.2089,19.2636,9.6858,sodium,0.867,0.4283,0.2546,54.3603,38.0616,7.578,7.3083,leak,0.6296,0.2354,0.7404
potassium activation +9.4 mV (twice the measured shift),109985,2.976876,331,21.1905,54.3646,25.2148,20.4206,9.8604,sodium,0.9308,0.3155,0.1844,51.5963,39.7346,8.6691,8.426,leak,0.602,0.1733,0.7795
potassium activation +9.4 mV (twice the measured shift),174088,4.711901,386,8.0952,51.2862,28.9261,19.7877,8.9334,sodium,0.9581,0.245,0.1486,49.548,38.7404,11.7116,10.6021,leak,0.2526,0.0114,0.9675
potassium activation +9.4 mV (twice the measured shift),360317,9.752412,451,-7.381,96.0473,3.5963,0.3564,0.1084,leak,0.0,0.0003,1.0,71.5773,25.4916,2.9311,5.2356,leak,0.0559,0.0338,0.9979
combined: sodium +6.1 mV and potassium +4.7 mV,6,0.000178,6,95.2756,99.9497,0.0503,0.0,0.0,sodium,0.5871,0.5871,0.5573,99.903,0.097,0.0,0.0,sodium,0.5891,0.5891,0.5531
combined: sodium +6.1 mV and potassium +4.7 mV,9,0.000267,7,94.4882,99.8811,0.1189,0.0,0.0,sodium,0.5904,0.5904,0.5504,99.6238,0.3762,0.0,0.0,sodium,0.5956,0.5956,0.5389
combined: sodium +6.1 mV and potassium +4.7 mV,33,0.000979,8,93.7008,81.0693,18.89,0.0407,0.4171,potassium,0.579,0.658,0.4814,62.6506,36.9231,0.4263,1.7841,potassium,0.6129,0.6439,0.4579
combined: sodium +6.1 mV and potassium +4.7 mV,57,0.00169,9,92.9134,85.2323,14.734,0.0337,0.4462,sodium,0.5913,0.5883,0.5517,74.6167,24.5368,0.8465,2.897,leak,0.5936,0.5239,0.6108
combined: sodium +6.1 mV and potassium +4.7 mV,74,0.002194,10,92.126,80.4483,19.5179,0.0338,0.4659,potassium,0.5888,0.5968,0.545,73.4522,24.9028,1.645,3.9914,leak,0.5836,0.5021,0.6382
combined: sodium +6.1 mV and potassium +4.7 mV,91,0.002698,11,91.3386,76.819,23.1435,0.0375,0.4806,potassium,0.5665,0.6406,0.5184,72.0786,25.7134,2.208,5.0446,leak,0.5698,0.5362,0.6227
combined: sodium +6.1 mV and potassium +4.7 mV,105,0.003114,12,90.5512,81.8465,18.0884,0.0652,0.567,sodium,0.7109,0.364,0.6018,78.0528,19.3609,2.5863,5.6595,leak,0.6186,0.2853,0.7321
combined: sodium +6.1 mV and potassium +4.7 mV,124,0.003677,13,89.7638,75.3291,24.5583,0.1126,0.758,sodium,0.7489,0.4015,0.5273,74.8512,21.5678,3.581,7.2589,leak,0.6476,0.3023,0.6995
combined: sodium +6.1 mV and potassium +4.7 mV,142,0.004211,14,88.9764,69.9835,29.8896,0.1269,0.9107,sodium,0.7482,0.3751,0.5473,72.2413,23.7149,4.0438,8.4486,leak,0.6541,0.3041,0.6926
combined: sodium +6.1 mV and potassium +4.7 mV,158,0.004685,15,88.189,68.6549,31.1826,0.1625,0.939,sodium,0.7748,0.3678,0.5141,70.9851,24.9044,4.1105,8.2291,leak,0.6494,0.2561,0.716
combined: sodium +6.1 mV and potassium +4.7 mV,197,0.005842,17,86.6142,64.9016,34.8858,0.2126,1.2953,sodium,0.734,0.1708,0.6573,66.5857,29.366,4.0483,9.6256,leak,0.6507,0.1675,0.7406
combined: sodium +6.1 mV and potassium +4.7 mV,251,0.007443,19,85.0394,61.484,38.1763,0.3397,1.5933,sodium,0.7555,0.1049,0.6467,64.1913,31.8364,3.9723,9.3744,leak,0.6606,0.1213,0.7408
combined: sodium +6.1 mV and potassium +4.7 mV,351,0.010408,22,82.6772,75.6548,23.8758,0.4694,1.3899,leak,0.4164,0.1296,0.8999,75.0907,21.5341,3.3752,5.4845,leak,0.5145,0.0452,0.8563
combined: sodium +6.1 mV and potassium +4.7 mV,519,0.01539,25,80.315,69.031,30.2266,0.7424,1.7618,leak,0.3679,0.2574,0.8935,69.1345,27.2492,3.6162,6.0141,leak,0.4544,0.1566,0.8769
combined: sodium +6.1 mV and potassium +4.7 mV,783,0.023219,28,77.9528,68.2197,31.3648,0.4155,2.0212,sodium,0.7375,0.661,0.1384,54.4971,42.4807,3.0222,6.1844,leak,0.2424,0.4937,0.8352
combined: sodium +6.1 mV and potassium +4.7 mV,1485,0.044035,32,74.8031,80.8517,18.6388,0.5095,2.5818,sodium,0.6974,0.6825,0.2188,66.1827,31.9498,1.8675,4.1456,leak,0.5967,0.4309,0.677
combined: sodium +6.1 mV and potassium +4.7 mV,2201,0.065267,36,71.6535,81.3697,17.9022,0.7281,3.1899,potassium,0.6669,0.692,0.2764,68.5367,29.0239,2.4394,5.1275,leak,0.611,0.4788,0.6304
combined: sodium +6.1 mV and potassium +4.7 mV,3475,0.103046,42,66.9291,76.189,23.0642,0.7468,2.691,potassium,0.554,0.7075,0.4387,70.1492,27.2036,2.6471,5.2918,leak,0.4691,0.4701,0.7477
combined: sodium +6.1 mV and potassium +4.7 mV,5186,0.153783,48,62.2047,76.2885,22.9731,0.7384,2.9681,potassium,0.555,0.6879,0.4678,70.9555,26.1831,2.8613,5.7643,leak,0.4857,0.4845,0.7275
combined: sodium +6.1 mV and potassium +4.7 mV,7455,0.221067,55,56.6929,76.4739,22.7699,0.7562,3.0449,potassium,0.5762,0.6858,0.4446,70.8137,26.3853,2.801,5.6561,leak,0.5023,0.4829,0.7173
combined: sodium +6.1 mV and potassium +4.7 mV,10305,0.30558,63,50.3937,75.8217,23.2432,0.9351,3.0362,potassium,0.5436,0.6997,0.4636,69.623,27.5472,2.8298,5.5452,leak,0.4935,0.4849,0.722
combined: sodium +6.1 mV and potassium +4.7 mV,13260,0.393206,73,42.5197,72.8303,25.6899,1.4798,3.1396,potassium,0.577,0.6551,0.4877,68.8175,28.173,3.0096,5.8171,leak,0.507,0.4786,0.7168
combined: sodium +6.1 mV and potassium +4.7 mV,17477,0.518255,85,33.0709,71.067,26.3363,2.5968,3.6744,potassium,0.6079,0.649,0.4575,66.9085,30.0142,3.0772,5.7267,leak,0.521,0.4679,0.7139
combined: sodium +6.1 mV and potassium +4.7 mV,21401,0.634615,98,22.8346,70.0865,26.4841,3.4294,4.1743,sodium,0.6411,0.6359,0.4297,66.501,30.2062,3.2928,5.9163,leak,0.5255,0.4668,0.7113
combined: sodium +6.1 mV and potassium +4.7 mV,26818,0.795248,114,10.2362,68.1285,27.8549,4.0165,4.6746,sodium,0.692,0.595,0.4089,64.5497,32.2443,3.206,5.803,leak,0.5367,0.45,0.7137
combined: sodium +6.1 mV and potassium +4.7 mV,33004,0.978685,133,-4.7244,66.8821,28.3261,4.7918,5.1285,sodium,0.6552,0.6157,0.4379,64.3426,32.2685,3.3889,5.9178,leak,0.5294,0.4493,0.7196
combined: sodium +6.1 mV and potassium +4.7 mV,40460,1.199781,154,-21.2598,66.3271,28.198,5.4749,5.6346,sodium,0.6791,0.6157,0.3997,62.6557,33.9364,3.4078,6.0017,leak,0.55,0.4429,0.708
combined: sodium +6.1 mV and potassium +4.7 mV,50850,1.507881,179,-40.9449,64.8596,28.9526,6.1878,5.9405,sodium,0.7379,0.5601,0.3765,61.7993,34.6831,3.5175,6.0946,leak,0.5516,0.4127,0.7249
combined: sodium +6.1 mV and potassium +4.7 mV,64571,1.914757,209,-64.5669,63.4466,28.9068,7.6466,6.6507,sodium,0.8013,0.491,0.3418,60.735,35.155,4.1101,6.6112,leak,0.5896,0.3949,0.7046
combined: sodium +6.1 mV and potassium +4.7 mV,84287,2.499406,244,-92.126,62.5045,27.9044,9.5912,7.3874,sodium,0.8351,0.4696,0.2865,58.8454,36.636,4.5186,7.1216,leak,0.6015,0.3622,0.7121
combined: sodium +6.1 mV and potassium +4.7 mV,115787,3.433492,284,-123.622,58.1288,29.9551,11.9161,7.968,sodium,0.8565,0.4334,0.2803,55.862,38.163,5.975,8.3771,leak,0.5754,0.3041,0.7593
combined: sodium +6.1 mV and potassium +4.7 mV,164032,4.864126,331,-160.6299,53.5428,33.5108,12.9465,7.6917,sodium,0.8531,0.4863,0.1892,50.8494,42.4826,6.668,9.2429,leak,0.375,0.2123,0.9024
combined: sodium +6.1 mV and potassium +4.7 mV,218774,6.487419,386,-203.937,49.8607,39.1298,11.0096,6.4865,sodium,0.8692,0.4944,0.0007,51.1525,44.3124,4.535,7.7975,leak,0.2307,0.0215,0.9728
combined: sodium +6.1 mV and potassium +4.7 mV,320725,9.510625,451,-255.1181,95.6877,3.4514,0.8609,0.1181,leak,0.0016,0.0001,1.0,77.9993,19.4225,2.5782,4.6344,leak,0.0223,0.0515,0.9984
